{"cameraMode":{"drawMode":0,"name":"Shaded","section":"Shading Mode"},"sceneLighting":true,"audioPlay":false,"sceneViewState":{"m_AlwaysRefresh":false,"showFog":true,"showSkybox":true,"showFlares":true,"showImageEffects":true,"showParticleSystems":true,"showVisualEffectGraphs":true,"m_FxEnabled":true},"in2DMode":false,"pivot":{"x":45.073001861572269,"y":22.73600196838379,"z":109.70899963378906},"rotation":{"x":-0.04554468393325806,"y":0.946638822555542,"z":-0.2792033553123474,"w":-0.15441879630088807},"size":0.16607339680194856,"orthographic":false}